{
  "/product-desc" : {
    "transaction" : "/product-desc",
    "sampleCount" : 10,
    "errorCount" : 0,
    "errorPct" : 0.0,
    "meanResTime" : 863.4,
    "medianResTime" : 899.5,
    "minResTime" : 600.0,
    "maxResTime" : 1008.0,
    "pct1ResTime" : 1006.4,
    "pct2ResTime" : 1008.0,
    "pct3ResTime" : 1008.0,
    "throughput" : 3.1289111389236544,
    "receivedKBytesPerSec" : 56.75001466677096,
    "sentKBytesPerSec" : 0.5500039111389237
  },
  "/histori" : {
    "transaction" : "/histori",
    "sampleCount" : 10,
    "errorCount" : 0,
    "errorPct" : 0.0,
    "meanResTime" : 806.3,
    "medianResTime" : 823.5,
    "minResTime" : 446.0,
    "maxResTime" : 984.0,
    "pct1ResTime" : 983.8,
    "pct2ResTime" : 984.0,
    "pct3ResTime" : 984.0,
    "throughput" : 6.7114093959731544,
    "receivedKBytesPerSec" : 121.72294463087249,
    "sentKBytesPerSec" : 1.179739932885906
  },
  "/list" : {
    "transaction" : "/list",
    "sampleCount" : 10,
    "errorCount" : 0,
    "errorPct" : 0.0,
    "meanResTime" : 953.0,
    "medianResTime" : 970.5,
    "minResTime" : 748.0,
    "maxResTime" : 1063.0,
    "pct1ResTime" : 1061.4,
    "pct2ResTime" : 1063.0,
    "pct3ResTime" : 1063.0,
    "throughput" : 3.1725888324873095,
    "receivedKBytesPerSec" : 57.542210302982234,
    "sentKBytesPerSec" : 0.5576816307106599
  },
  "/merchant" : {
    "transaction" : "/merchant",
    "sampleCount" : 10,
    "errorCount" : 0,
    "errorPct" : 0.0,
    "meanResTime" : 880.7,
    "medianResTime" : 874.0,
    "minResTime" : 623.0,
    "maxResTime" : 1115.0,
    "pct1ResTime" : 1113.6,
    "pct2ResTime" : 1115.0,
    "pct3ResTime" : 1115.0,
    "throughput" : 2.741979709350151,
    "receivedKBytesPerSec" : 49.730782578146425,
    "sentKBytesPerSec" : 0.48198862078420623
  },
  "/search" : {
    "transaction" : "/search",
    "sampleCount" : 10,
    "errorCount" : 0,
    "errorPct" : 0.0,
    "meanResTime" : 929.1,
    "medianResTime" : 958.5,
    "minResTime" : 486.0,
    "maxResTime" : 1139.0,
    "pct1ResTime" : 1136.5,
    "pct2ResTime" : 1139.0,
    "pct3ResTime" : 1139.0,
    "throughput" : 3.259452411994785,
    "receivedKBytesPerSec" : 59.121819487451106,
    "sentKBytesPerSec" : 0.5729506192959583
  },
  "/recomendation" : {
    "transaction" : "/recomendation",
    "sampleCount" : 10,
    "errorCount" : 0,
    "errorPct" : 0.0,
    "meanResTime" : 872.8000000000001,
    "medianResTime" : 952.0,
    "minResTime" : 584.0,
    "maxResTime" : 1115.0,
    "pct1ResTime" : 1105.1000000000001,
    "pct2ResTime" : 1115.0,
    "pct3ResTime" : 1115.0,
    "throughput" : 2.9120559114735003,
    "receivedKBytesPerSec" : 52.82054227941176,
    "sentKBytesPerSec" : 0.5118848281887012
  },
  "/personalized-ads" : {
    "transaction" : "/personalized-ads",
    "sampleCount" : 10,
    "errorCount" : 0,
    "errorPct" : 0.0,
    "meanResTime" : 832.5,
    "medianResTime" : 816.5,
    "minResTime" : 594.0,
    "maxResTime" : 1056.0,
    "pct1ResTime" : 1050.6,
    "pct2ResTime" : 1056.0,
    "pct3ResTime" : 1056.0,
    "throughput" : 8.818342151675484,
    "receivedKBytesPerSec" : 159.94181960978838,
    "sentKBytesPerSec" : 1.5500992063492065
  },
  "/promo" : {
    "transaction" : "/promo",
    "sampleCount" : 10,
    "errorCount" : 0,
    "errorPct" : 0.0,
    "meanResTime" : 870.2,
    "medianResTime" : 800.5,
    "minResTime" : 477.0,
    "maxResTime" : 2006.0,
    "pct1ResTime" : 1897.0000000000005,
    "pct2ResTime" : 2006.0,
    "pct3ResTime" : 2006.0,
    "throughput" : 3.567606136282554,
    "receivedKBytesPerSec" : 64.70919829200857,
    "sentKBytesPerSec" : 0.6271182661434178
  },
  "/review" : {
    "transaction" : "/review",
    "sampleCount" : 10,
    "errorCount" : 0,
    "errorPct" : 0.0,
    "meanResTime" : 858.2,
    "medianResTime" : 924.0,
    "minResTime" : 585.0,
    "maxResTime" : 1046.0,
    "pct1ResTime" : 1041.2,
    "pct2ResTime" : 1046.0,
    "pct3ResTime" : 1046.0,
    "throughput" : 3.0102347983142685,
    "receivedKBytesPerSec" : 54.59930952739314,
    "sentKBytesPerSec" : 0.52914283564118
  },
  "Total" : {
    "transaction" : "Total",
    "sampleCount" : 130,
    "errorCount" : 0,
    "errorPct" : 0.0,
    "meanResTime" : 1047.4076923076925,
    "medianResTime" : 914.0,
    "minResTime" : 432.0,
    "maxResTime" : 3684.0,
    "pct1ResTime" : 1115.0,
    "pct2ResTime" : 3238.649999999999,
    "pct3ResTime" : 3674.08,
    "throughput" : 8.601296810903799,
    "receivedKBytesPerSec" : 156.0074423961228,
    "sentKBytesPerSec" : 1.511946705041683
  },
  "/order" : {
    "transaction" : "/order",
    "sampleCount" : 10,
    "errorCount" : 0,
    "errorPct" : 0.0,
    "meanResTime" : 660.8,
    "medianResTime" : 655.0,
    "minResTime" : 432.0,
    "maxResTime" : 987.0,
    "pct1ResTime" : 981.0,
    "pct2ResTime" : 987.0,
    "pct3ResTime" : 987.0,
    "throughput" : 3.8580246913580245,
    "receivedKBytesPerSec" : 69.97416931905865,
    "sentKBytesPerSec" : 0.6781684027777778
  },
  "/top-ads" : {
    "transaction" : "/top-ads",
    "sampleCount" : 10,
    "errorCount" : 0,
    "errorPct" : 0.0,
    "meanResTime" : 951.2,
    "medianResTime" : 954.5,
    "minResTime" : 851.0,
    "maxResTime" : 1003.0,
    "pct1ResTime" : 1001.7,
    "pct2ResTime" : 1003.0,
    "pct3ResTime" : 1003.0,
    "throughput" : 3.2289312237649335,
    "receivedKBytesPerSec" : 58.56631669761059,
    "sentKBytesPerSec" : 0.5675855666774298
  },
  "/category" : {
    "transaction" : "/category",
    "sampleCount" : 10,
    "errorCount" : 0,
    "errorPct" : 0.0,
    "meanResTime" : 3328.7000000000003,
    "medianResTime" : 3335.5,
    "minResTime" : 2836.0,
    "maxResTime" : 3684.0,
    "pct1ResTime" : 3680.8,
    "pct2ResTime" : 3684.0,
    "pct3ResTime" : 3684.0,
    "throughput" : 2.6888948642108095,
    "receivedKBytesPerSec" : 48.76930542484539,
    "sentKBytesPerSec" : 0.47265730034955633
  },
  "/checkout" : {
    "transaction" : "/checkout",
    "sampleCount" : 10,
    "errorCount" : 0,
    "errorPct" : 0.0,
    "meanResTime" : 809.4,
    "medianResTime" : 832.0,
    "minResTime" : 452.0,
    "maxResTime" : 1045.0,
    "pct1ResTime" : 1038.8,
    "pct2ResTime" : 1045.0,
    "pct3ResTime" : 1045.0,
    "throughput" : 3.238341968911917,
    "receivedKBytesPerSec" : 58.73858990446891,
    "sentKBytesPerSec" : 0.5692397992227979
  }
}